login,full_name,created_at,stargazers_count,watchers_count,language,has_projects,has_wiki,license_name
iam-veeramalla,iam-veeramalla/ansible-zero-to-hero,2024-05-15T12:27:58Z,612,612,HTML,True,False,Apache License 2.0
iam-veeramalla,iam-veeramalla/argo-cd,2020-11-27T11:24:01Z,199,199,,True,True,Apache License 2.0
iam-veeramalla,iam-veeramalla/argo-perf-test,2022-05-25T11:51:37Z,60,60,,True,True,
iam-veeramalla,iam-veeramalla/argo-rollouts,2022-09-30T11:46:15Z,65,65,,True,False,Apache License 2.0
iam-veeramalla,iam-veeramalla/argo-rollouts-manager,2023-05-15T02:23:07Z,89,89,,True,True,Apache License 2.0
iam-veeramalla,iam-veeramalla/argocd-hub-spoke-demo,2024-01-10T04:09:22Z,159,159,,True,False,Apache License 2.0
iam-veeramalla,iam-veeramalla/argocd-operator,2023-07-03T09:46:13Z,238,238,,True,False,Apache License 2.0
iam-veeramalla,iam-veeramalla/argoproj,2023-05-10T06:56:14Z,116,116,Python,True,True,
iam-veeramalla,iam-veeramalla/aws-devops-zero-to-hero,2023-06-19T06:13:08Z,6824,6824,Python,True,True,Apache License 2.0
iam-veeramalla,iam-veeramalla/Azure-zero-to-hero,2023-12-27T10:01:11Z,2715,2715,HCL,True,False,MIT License
iam-veeramalla,iam-veeramalla/cicd-demo-golang,2022-01-03T16:47:45Z,83,83,Go,True,True,
iam-veeramalla,iam-veeramalla/cicd-end-to-end,2022-10-14T09:26:34Z,500,500,Python,True,True,Apache License 2.0
iam-veeramalla,iam-veeramalla/cis-istio-integration,2020-05-25T17:58:57Z,79,79,Makefile,True,True,
iam-veeramalla,iam-veeramalla/CKA-2024,2024-06-28T17:47:59Z,36,36,Dockerfile,True,True,
iam-veeramalla,iam-veeramalla/community-operators,2023-08-11T18:48:35Z,101,101,Dockerfile,True,False,Apache License 2.0
iam-veeramalla,iam-veeramalla/community-operators-prod,2023-08-16T17:04:56Z,106,106,Dockerfile,True,False,Apache License 2.0
iam-veeramalla,iam-veeramalla/design_diagrams,2022-03-03T14:05:37Z,118,118,,True,True,
iam-veeramalla,iam-veeramalla/devops-interview-preparation-guide,2023-07-31T12:15:31Z,676,676,,True,True,Apache License 2.0
iam-veeramalla,iam-veeramalla/devops-project-ideas,2023-04-22T13:51:19Z,287,287,,True,True,MIT License
iam-veeramalla,iam-veeramalla/devtron,2023-05-26T18:36:24Z,92,92,,True,True,Apache License 2.0
iam-veeramalla,iam-veeramalla/Docker-Zero-to-Hero,2023-02-07T13:42:10Z,3852,3852,,True,True,
iam-veeramalla,iam-veeramalla/dummy-role,2024-06-06T13:15:41Z,32,32,HTML,True,True,
iam-veeramalla,iam-veeramalla/GitHub-Actions-Zero-to-Hero,2023-02-02T11:37:22Z,1203,1203,Python,True,True,
iam-veeramalla,iam-veeramalla/gitops-node-headers,2021-12-23T15:37:34Z,52,52,,True,True,
iam-veeramalla,iam-veeramalla/gitops-operator,2023-07-12T11:56:21Z,228,228,Go,True,True,Apache License 2.0
iam-veeramalla,iam-veeramalla/go-web-app,2024-07-06T18:04:42Z,142,142,HTML,True,False,Apache License 2.0
iam-veeramalla,iam-veeramalla/go-web-app-devops,2024-07-19T06:09:18Z,184,184,HTML,True,True,Apache License 2.0
iam-veeramalla,iam-veeramalla/Golang-Zero-to-Hero,2023-02-27T11:55:47Z,240,240,,True,True,
iam-veeramalla,iam-veeramalla/IPLPrediction,2020-07-22T17:28:40Z,38,38,,True,True,
iam-veeramalla,iam-veeramalla/istio-guide,2024-04-24T06:41:50Z,144,144,,True,True,Apache License 2.0
iam-veeramalla,iam-veeramalla/Jenkins-Zero-To-Hero,2023-02-01T04:33:00Z,6499,6499,Python,True,True,MIT License
iam-veeramalla,iam-veeramalla/k8s-crossplane-argocd,2022-07-25T19:21:27Z,127,127,,True,True,
iam-veeramalla,iam-veeramalla/k8s-kyverno-argocd,2023-02-19T05:45:11Z,202,202,,True,True,
iam-veeramalla,iam-veeramalla/kubernetes-troubleshooting-zero-to-hero,2024-03-19T19:10:37Z,455,455,Dockerfile,True,False,Apache License 2.0
iam-veeramalla,iam-veeramalla/Kubernetes-Zero-to-Hero,2023-02-22T13:00:20Z,1562,1562,,True,True,
iam-veeramalla,iam-veeramalla/MERN-docker-compose,2024-08-31T17:17:07Z,81,81,JavaScript,True,True,
iam-veeramalla,iam-veeramalla/observability-zero-to-hero,2023-03-16T14:41:25Z,1503,1503,Go,True,True,
iam-veeramalla,iam-veeramalla/officeassistant,2020-07-25T07:35:13Z,42,42,JavaScript,True,True,
iam-veeramalla,iam-veeramalla/python-for-devops,2023-10-12T11:39:21Z,2769,2769,Python,True,True,MIT License
iam-veeramalla,iam-veeramalla/sandbox,2021-08-23T16:29:34Z,155,155,,True,True,
iam-veeramalla,iam-veeramalla/shell-scripting-projects,2023-04-14T12:33:44Z,874,874,Shell,True,True,
iam-veeramalla,iam-veeramalla/terraform-eks,2024-03-25T15:20:52Z,296,296,HCL,True,True,Apache License 2.0
iam-veeramalla,iam-veeramalla/terraform-zero-to-hero,2023-08-31T14:39:52Z,2395,2395,HCL,True,True,
iam-veeramalla,iam-veeramalla/three-tier-architecture-demo,2023-12-29T17:39:21Z,528,528,JavaScript,True,True,Apache License 2.0
iam-veeramalla,iam-veeramalla/write_your_first_terraform_project,2023-01-29T10:38:58Z,488,488,HCL,True,True,
in28minutes,in28minutes/10-Steps-to-High-Quality-Java-Developer,2017-04-23T12:07:32Z,61,61,,True,True,
in28minutes,in28minutes/automatewithselenium.com,2018-09-13T14:16:23Z,6,6,CSS,True,True,MIT License
in28minutes,in28minutes/automation-testing-with-java-and-selenium,2018-08-31T04:16:01Z,196,196,HTML,True,True,
in28minutes,in28minutes/awesome-gcp-certifications,2021-03-29T02:01:12Z,7,7,,True,True,MIT License
in28minutes,in28minutes/azure-devops-kubernetes-terraform-pipeline,2020-02-05T08:40:53Z,91,91,Java,True,True,
in28minutes,in28minutes/BasicWebServletsIn28Minutes,2015-09-05T15:09:31Z,29,29,Java,True,True,MIT License
in28minutes,in28minutes/camel,2021-01-18T11:47:36Z,83,83,JavaScript,True,True,
in28minutes,in28minutes/campus-interview-guide,2019-12-30T01:33:23Z,28,28,,True,True,MIT License
in28minutes,in28minutes/chartjs-chart-funnel,2023-08-30T05:03:41Z,1,1,,True,False,MIT License
in28minutes,in28minutes/clean-code,2020-09-22T03:54:24Z,155,155,JavaScript,True,True,
in28minutes,in28minutes/cloud.in28minutes.com,2020-06-06T14:34:54Z,20,20,HTML,True,True,MIT License
in28minutes,in28minutes/config-server,2019-09-05T04:22:38Z,2,2,,True,True,
in28minutes,in28minutes/course-material,2021-01-14T13:57:40Z,989,989,,True,True,
in28minutes,in28minutes/CTutorialForBeginners,2015-11-29T13:05:37Z,27,27,,True,True,
in28minutes,in28minutes/deploy-spring-boot-aws-eb,2019-07-08T09:38:26Z,161,161,Java,True,True,
in28minutes,in28minutes/deploy-spring-boot-to-azure,2019-10-23T13:47:45Z,83,83,Java,True,True,
in28minutes,in28minutes/deploy-spring-microservices-to-aws-ecs-fargate,2019-08-14T14:10:01Z,266,266,Java,True,True,
in28minutes,in28minutes/Design-Patterns-For-Beginners,2016-01-12T02:56:47Z,81,81,,True,True,
in28minutes,in28minutes/dev-config-server-test,2019-08-30T10:39:51Z,4,4,,True,True,
in28minutes,in28minutes/devops-master-class,2020-01-20T03:46:30Z,2303,2303,Java,True,True,
in28minutes,in28minutes/docker,2019-07-08T14:18:27Z,105,105,Java,True,True,
in28minutes,in28minutes/docker-crash-course,2019-09-26T14:20:01Z,376,376,Java,True,True,MIT License
in28minutes,in28minutes/EclipseIn28Minutes,2015-12-13T14:05:49Z,55,55,,True,True,Apache License 2.0
in28minutes,in28minutes/first-steps-to-software-architect,2018-07-10T09:23:42Z,136,136,,True,True,MIT License
in28minutes,in28minutes/full-stack-with-angular-and-spring-boot,2018-11-08T14:21:38Z,619,619,Java,True,True,MIT License
in28minutes,in28minutes/full-stack-with-react-and-spring-boot,2019-03-07T16:11:10Z,610,610,Java,True,True,MIT License
in28minutes,in28minutes/functional-programming-with-java,2019-10-11T20:24:48Z,354,354,Java,True,True,
in28minutes,in28minutes/Future-Course-Preparation,2017-06-15T11:59:09Z,1,1,,True,True,
in28minutes,in28minutes/getting-started-for-beginners-v2,2022-07-08T04:28:56Z,9,9,Java,True,True,MIT License
in28minutes,in28minutes/getting-started-in-5-steps,2017-06-23T08:19:05Z,155,155,JavaScript,True,True,
in28minutes,in28minutes/go-serverless,2020-09-01T12:16:05Z,42,42,JavaScript,True,True,
in28minutes,in28minutes/google-cloud-4-words,2022-12-27T16:01:13Z,1,1,,True,False,Other
in28minutes,in28minutes/gs-rest-service,2017-01-19T12:47:38Z,1,1,Shell,True,False,
in28minutes,in28minutes/hello-world-playground,2019-08-13T13:10:50Z,1,1,Java,True,True,
in28minutes,in28minutes/hello-world-rest-api-aws-ecs-codepipeline,2019-08-17T14:37:51Z,14,14,Java,True,True,
in28minutes,in28minutes/hello-world-rest-api-azure-pipelines,2019-10-23T11:54:24Z,10,10,Java,True,True,
in28minutes,in28minutes/HibernateJPAStepByStep,2015-12-24T08:12:27Z,22,22,,True,True,MIT License
in28minutes,in28minutes/in28minutes,2022-03-02T02:31:20Z,10,10,,True,True,
in28minutes,in28minutes/in28Minutes-Course-Roadmap,2017-05-08T15:42:23Z,103,103,,True,True,
in28minutes,in28minutes/in28minutes-initiatives,2017-10-27T04:43:03Z,599,599,,True,True,
in28minutes,in28minutes/in28minutes.com,2017-11-19T06:55:45Z,25,25,HTML,True,True,MIT License
in28minutes,in28minutes/in28minutes.github.io,2017-01-18T03:06:09Z,172,172,HTML,True,True,MIT License
in28minutes,in28minutes/In28MinutesTemplate,2016-01-03T04:28:24Z,8,8,,True,True,MIT License
in28minutes,in28minutes/interview-guide,2016-09-23T05:24:42Z,300,300,,True,True,
in28minutes,in28minutes/java-a-course-for-beginners,2018-01-26T07:08:09Z,1087,1087,JavaScript,True,True,MIT License
in28minutes,in28minutes/java-best-practices,2016-10-02T12:06:26Z,1259,1259,,True,True,
in28minutes,in28minutes/java-cheat-sheet,2017-10-25T06:38:39Z,599,599,,True,True,
in28minutes,in28minutes/Java-EE-Design-Patterns,2016-01-11T10:47:38Z,27,27,,True,True,
in28minutes,in28minutes/java-technology-for-beginners,2016-12-04T04:01:13Z,60,60,,True,True,
in28minutes,in28minutes/java-to-python-in-100-steps,2018-06-28T12:48:23Z,59,59,Python,True,True,MIT License
in28minutes,in28minutes/java-tutorial-for-beginners,2019-04-18T09:34:41Z,1396,1396,,True,True,
in28minutes,in28minutes/JavaInterviewQuestionsAndAnswers,2016-02-02T06:58:56Z,1055,1055,Java,True,True,
in28minutes,in28minutes/JavaObjectOrientedProgramming,2015-11-24T03:15:55Z,70,70,Java,True,True,
in28minutes,in28minutes/JavaTutorialForBeginners,2016-08-31T07:26:09Z,29,29,Java,True,True,
in28minutes,in28minutes/JavaWebApplicationStepByStep,2015-12-22T08:01:10Z,541,541,Java,True,True,Apache License 2.0
in28minutes,in28minutes/jenkin-devops-microservice,2020-02-07T15:30:27Z,51,51,Java,True,True,
in28minutes,in28minutes/jenkins-pipeline,2020-02-07T12:22:56Z,19,19,Java,True,True,
in28minutes,in28minutes/jpa-with-hibernate,2017-08-21T05:17:23Z,656,656,Java,True,True,
in28minutes,in28minutes/jshell-for-java-programmers,2017-10-18T08:31:19Z,11,11,,True,True,
in28minutes,in28minutes/JUnitIn28Minutes,2015-09-05T15:25:03Z,217,217,Java,True,True,MIT License
in28minutes,in28minutes/kubernetes-crash-course,2019-11-10T15:01:09Z,330,330,Java,True,True,MIT License
in28minutes,in28minutes/learn,2018-07-22T14:46:12Z,691,691,,True,True,
in28minutes,in28minutes/learn-programming-with-python-,2018-05-24T15:00:23Z,67,67,Python,True,True,MIT License
in28minutes,in28minutes/learning-paths-cloud-and-devops,2022-01-12T12:12:20Z,119,119,,True,True,
in28minutes,in28minutes/markdown-toc,2016-01-03T05:43:41Z,1,1,JavaScript,True,True,MIT License
in28minutes,in28minutes/master-spring-and-spring-boot,2022-10-27T08:18:07Z,1359,1359,Java,True,True,
in28minutes,in28minutes/MavenIn28Minutes,2015-09-05T14:10:50Z,193,193,Java,True,True,MIT License
in28minutes,in28minutes/microservice-reference-archetype,2017-09-01T12:06:21Z,14,14,Java,True,True,
in28minutes,in28minutes/MockitoIn28Minutes,2015-09-05T15:43:11Z,124,124,Java,True,True,MIT License
in28minutes,in28minutes/MockitoTutorialForBeginners,2016-08-07T14:13:23Z,637,637,Java,True,True,MIT License
in28minutes,in28minutes/pcf-crash-course-with-spring-boot,2019-09-03T04:09:42Z,99,99,Java,True,True,MIT License
in28minutes,in28minutes/programmingabc.com,2018-09-13T08:40:07Z,2,2,CSS,True,True,MIT License
in28minutes,in28minutes/python-tutorial-for-beginners,2019-04-21T03:15:12Z,194,194,,True,True,
in28minutes,in28minutes/ranga-karanam,2022-09-19T07:48:58Z,1,1,CSS,True,True,
in28minutes,in28minutes/RealWorldWebApplicationWithServletsAndJspIn28Minutes,2015-09-05T15:51:46Z,20,20,Java,True,True,MIT License
in28minutes,in28minutes/roadmaps,2022-03-19T07:12:59Z,253,253,,True,True,
in28minutes,in28minutes/spring-boot-angular-fullstack-examples,2019-05-07T05:23:22Z,110,110,TypeScript,True,True,MIT License
in28minutes,in28minutes/spring-boot-examples,2017-11-27T04:31:20Z,1245,1245,Java,True,True,
in28minutes,in28minutes/spring-boot-master-class,2017-08-02T09:02:25Z,995,995,Java,True,True,
in28minutes,in28minutes/spring-boot-react-fullstack-examples,2019-03-27T12:11:51Z,257,257,JavaScript,True,True,MIT License
in28minutes,in28minutes/spring-boot-rest-api-playground,2019-06-28T10:20:40Z,18,18,Java,True,True,
in28minutes,in28minutes/spring-boot-to-cloud,2020-03-01T13:51:40Z,31,31,Java,True,True,
in28minutes,in28minutes/spring-boot-todo-rest-api-h2-aws-codepipeline,2019-07-08T06:02:14Z,8,8,Java,True,True,
in28minutes,in28minutes/spring-boot-vuejs-fullstack-examples,2019-05-07T05:32:05Z,57,57,Java,True,True,MIT License
in28minutes,in28minutes/spring-complete-career-path,2017-10-24T13:02:56Z,45,45,Java,True,True,
in28minutes,in28minutes/spring-interview-guide,2017-08-01T10:13:10Z,717,717,JavaScript,True,True,MIT License
in28minutes,in28minutes/spring-master-class,2017-08-07T06:56:45Z,1156,1156,Java,True,True,
in28minutes,in28minutes/spring-microservices,2017-09-07T13:24:37Z,1801,1801,Java,True,True,MIT License
in28minutes,in28minutes/spring-microservices-v2,2021-01-07T08:48:57Z,751,751,JavaScript,True,True,
in28minutes,in28minutes/spring-microservices-v3,2023-02-21T06:52:45Z,303,303,JavaScript,True,True,
in28minutes,in28minutes/spring-microservices-v3-old,2022-12-07T02:42:23Z,15,15,JavaScript,True,True,
in28minutes,in28minutes/spring-unit-testing-with-junit-and-mockito,2018-03-28T05:24:07Z,361,361,Java,True,True,MIT License
in28minutes,in28minutes/spring-web-services,2017-07-13T12:09:28Z,538,538,Java,True,True,MIT License
in28minutes,in28minutes/SpringBootForBeginners,2017-01-02T08:57:38Z,630,630,Java,True,True,
in28minutes,in28minutes/SpringBootWebApplicationStepByStep,2017-01-05T06:38:29Z,266,266,Java,True,True,
in28minutes,in28minutes/SpringIn28Minutes,2015-11-15T15:35:37Z,666,666,Java,True,True,MIT License
in28minutes,in28minutes/SpringMvcStepByStep,2015-12-23T13:09:44Z,835,835,Java,True,True,MIT License
in28minutes,in28minutes/Struts2StepByStep,2016-01-04T05:43:47Z,11,11,Java,True,True,MIT License
in28minutes,in28minutes/TDDin28Minutes,2015-09-05T16:01:10Z,32,32,Java,True,True,MIT License
in28minutes,in28minutes/test-repo,2021-01-09T10:13:35Z,0,0,,True,True,
in28minutes,in28minutes/Tips-Database,2017-07-24T14:38:27Z,37,37,,True,True,
in28minutes,in28minutes/todo-app,2019-10-26T15:28:45Z,6,6,Java,True,True,
stacksimplify,stacksimplify/01-eb-usermgmt,2019-10-30T05:12:21Z,8,8,Java,True,True,
stacksimplify,stacksimplify/02-eb-usermgmt-frontend-reactjs,2019-11-02T12:13:48Z,8,8,JavaScript,True,True,
stacksimplify,stacksimplify/aws-cloudformation-simplified,2020-02-13T10:03:16Z,99,99,Shell,True,True,
stacksimplify,stacksimplify/aws-eks-kubernetes-masterclass,2020-04-20T11:41:14Z,1400,1400,Java,True,True,
stacksimplify,stacksimplify/aws-fargate-ecs-masterclass,2019-12-05T04:37:22Z,236,236,Java,True,True,
stacksimplify,stacksimplify/azure-aks-kubernetes-masterclass,2020-07-23T02:40:38Z,666,666,HCL,True,True,
stacksimplify,stacksimplify/azure-devops-aks-kubernetes-terraform-pipeline,2020-12-02T04:16:46Z,144,144,HCL,True,True,
stacksimplify,stacksimplify/azure-devops-github-acr-aks-app1,2020-10-24T05:22:16Z,121,121,HTML,True,True,
stacksimplify,stacksimplify/azure-kubernetes-service-agic,2023-10-15T08:48:15Z,20,20,Shell,True,False,
stacksimplify,stacksimplify/cloud-helm-charts,2023-08-29T06:39:34Z,14,14,Smarty,True,True,
stacksimplify,stacksimplify/docker-add-fetch-url-demo,2024-10-14T05:57:25Z,0,0,,True,True,
stacksimplify,stacksimplify/docker-fundamentals,2019-11-20T10:00:06Z,450,450,HTML,True,True,
stacksimplify,stacksimplify/docker-hub-to-github-container-registry,2023-03-04T05:32:20Z,26,26,Shell,True,False,
stacksimplify,stacksimplify/githubdemo,2019-04-22T12:15:51Z,4,4,Java,True,True,
stacksimplify,stacksimplify/google-cloud-certifications,2024-05-13T07:59:13Z,40,40,Shell,True,False,
stacksimplify,stacksimplify/google-kubernetes-engine,2023-02-26T05:47:02Z,141,141,HTML,True,True,
stacksimplify,stacksimplify/hashicorp-certified-terraform-associate,2021-03-15T07:10:13Z,611,611,HCL,True,True,
stacksimplify,stacksimplify/hashicorp-certified-terraform-associate-on-azure,2021-07-15T08:41:26Z,259,259,HCL,True,True,
stacksimplify,stacksimplify/helm-charts,2023-07-17T12:46:40Z,32,32,Smarty,True,True,
stacksimplify,stacksimplify/helm-charts-repo,2023-08-22T01:25:31Z,28,28,Smarty,True,True,
stacksimplify,stacksimplify/helm-masterclass,2023-08-22T05:30:40Z,115,115,Smarty,True,False,
stacksimplify,stacksimplify/kubernetes-fundamentals,2020-05-12T07:26:39Z,474,474,Java,True,True,
stacksimplify,stacksimplify/springboot-buildingblocks,2019-07-27T04:04:42Z,40,40,Java,True,True,
stacksimplify,stacksimplify/springboot-security,2019-08-26T14:21:36Z,3,3,,True,True,
stacksimplify,stacksimplify/temp-repo,2021-11-04T09:14:14Z,3,3,,True,True,
stacksimplify,stacksimplify/temp1,2021-03-19T05:39:12Z,1,1,,True,True,
stacksimplify,stacksimplify/temp2,2024-06-07T02:16:42Z,0,0,,True,True,
stacksimplify,stacksimplify/terraform-aws-s3-website,2021-03-09T10:55:35Z,41,41,HCL,True,True,Other
stacksimplify,stacksimplify/terraform-azurerm-staticwebsitepb,2021-06-15T10:28:11Z,4,4,HCL,True,True,Apache License 2.0
stacksimplify,stacksimplify/terraform-azurerm-staticwebsiteprivate,2021-07-10T09:30:50Z,16,16,HCL,True,True,Apache License 2.0
stacksimplify,stacksimplify/terraform-azurerm-staticwebsitepublic,2021-07-09T07:13:55Z,21,21,HCL,True,True,Other
stacksimplify,stacksimplify/terraform-cloud-azure-demo1,2021-07-10T04:33:31Z,30,30,HCL,True,True,Apache License 2.0
stacksimplify,stacksimplify/terraform-cloud-demo1,2021-03-06T10:21:03Z,30,30,HCL,True,True,Apache License 2.0
stacksimplify,stacksimplify/terraform-gcp-devops,2024-07-11T07:59:43Z,7,7,HCL,True,False,
stacksimplify,stacksimplify/terraform-gcp-gke-app-devops,2024-09-01T11:12:42Z,4,4,Smarty,True,False,
stacksimplify,stacksimplify/terraform-gcp-gke-infra-devops,2024-09-01T04:27:40Z,4,4,HCL,True,False,
stacksimplify,stacksimplify/terraform-gcp-gke-k8s-devops,2024-09-01T09:11:46Z,4,4,HCL,True,False,
stacksimplify,stacksimplify/terraform-iacdevops-with-aws-codepipeline,2021-05-14T04:23:13Z,178,178,HCL,True,True,Apache License 2.0
stacksimplify,stacksimplify/terraform-on-aws-ec2,2021-05-14T10:45:27Z,642,642,HCL,True,True,
stacksimplify,stacksimplify/terraform-on-aws-eks,2022-05-25T14:35:20Z,595,595,HCL,True,True,
stacksimplify,stacksimplify/terraform-on-azure-cloud,2021-09-03T15:27:32Z,244,244,HCL,True,True,
stacksimplify,stacksimplify/terraform-on-azure-with-azure-devops,2021-08-30T04:53:23Z,81,81,HCL,True,True,
stacksimplify,stacksimplify/terraform-on-google-cloud,2024-07-11T13:48:29Z,17,17,HCL,True,False,
stacksimplify,stacksimplify/terraform-on-google-kubernetes-engine,2024-09-02T12:38:07Z,7,7,HCL,True,False,
stacksimplify,stacksimplify/terraform-sentinel-policies,2021-03-11T06:35:05Z,33,33,HCL,True,True,
stacksimplify,stacksimplify/terraform-sentinel-policies-azure,2021-07-13T05:27:41Z,22,22,HCL,True,True,Apache License 2.0
stacksimplify,stacksimplify/udemy-enroll,2019-12-04T07:06:15Z,11,11,,True,True,
thenaveensaggam,thenaveensaggam/angular-online,2020-07-18T16:53:38Z,4,4,JavaScript,True,True,
thenaveensaggam,thenaveensaggam/AngularJS_Template,2018-09-23T05:16:20Z,18,18,HTML,True,True,
thenaveensaggam,thenaveensaggam/Angular_JS_Template,2019-06-20T12:01:43Z,9,9,HTML,True,True,
thenaveensaggam,thenaveensaggam/animated-navbar,2022-01-24T08:45:59Z,2,2,HTML,True,True,
thenaveensaggam,thenaveensaggam/Bootstrap-5-crash-course-2022,2022-01-26T02:51:29Z,4,4,JavaScript,True,True,
thenaveensaggam,thenaveensaggam/Bootstrap_4_Course,2019-10-23T10:05:23Z,9,9,HTML,True,True,
thenaveensaggam,thenaveensaggam/Company_Website_UiBrains,2020-04-14T09:35:45Z,6,6,HTML,True,True,
thenaveensaggam,thenaveensaggam/contact-mgr-7am,2023-02-26T02:46:04Z,1,1,TypeScript,True,True,
thenaveensaggam,thenaveensaggam/contact-mgr-9pm,2023-01-26T16:54:39Z,1,1,TypeScript,True,True,
thenaveensaggam,thenaveensaggam/contact-mgr-json-9am,2023-04-19T05:19:40Z,0,0,TypeScript,True,True,
thenaveensaggam,thenaveensaggam/contact-mgr-mern,2023-02-26T03:24:14Z,1,1,HTML,True,True,
thenaveensaggam,thenaveensaggam/contact-mgr-server-mern,2023-04-29T04:55:57Z,0,0,TypeScript,True,True,
thenaveensaggam,thenaveensaggam/CSS_3_Course,2019-10-30T16:36:27Z,12,12,HTML,True,True,
thenaveensaggam,thenaveensaggam/Dashboard_UiBrains,2020-04-14T08:45:04Z,6,6,HTML,True,True,
thenaveensaggam,thenaveensaggam/events-angular,2020-02-18T08:30:18Z,2,2,JavaScript,True,True,
thenaveensaggam,thenaveensaggam/expanding-cards,2022-01-24T02:29:18Z,3,3,CSS,True,True,
thenaveensaggam,thenaveensaggam/Hippi_Mobiles_UiBrains,2020-04-09T08:08:54Z,4,4,HTML,True,True,
thenaveensaggam,thenaveensaggam/HTML-tutorial-in-Telugu-2022,2022-01-09T02:22:58Z,4,4,HTML,True,True,
thenaveensaggam,thenaveensaggam/HTML_5_Course,2019-10-23T08:10:18Z,19,19,HTML,True,True,
thenaveensaggam,thenaveensaggam/icon-bars-menu,2022-01-25T02:09:49Z,1,1,HTML,True,True,
thenaveensaggam,thenaveensaggam/JavaScript_Course,2019-01-23T23:48:16Z,23,23,HTML,True,True,
thenaveensaggam,thenaveensaggam/JQuery_AJAX_Course,2019-10-23T09:11:35Z,4,4,HTML,True,True,
thenaveensaggam,thenaveensaggam/movie-catalogue,2022-03-15T02:20:03Z,2,2,JavaScript,True,True,
thenaveensaggam,thenaveensaggam/next-dashboard,2024-09-24T15:43:52Z,0,0,TypeScript,True,True,
thenaveensaggam,thenaveensaggam/Node_Express_MongoDB_Course,2019-10-23T10:49:39Z,7,7,JavaScript,True,True,
thenaveensaggam,thenaveensaggam/online-shopping,2021-07-13T13:54:31Z,7,7,HTML,True,True,
thenaveensaggam,thenaveensaggam/React-Bootstrap-Crash-Course-2022,2022-03-19T07:12:04Z,8,8,JavaScript,True,True,
thenaveensaggam,thenaveensaggam/React-Contact-Manager-CRUD,2022-01-29T18:06:04Z,6,6,HTML,True,True,
thenaveensaggam,thenaveensaggam/react-contact-mgr,2023-04-29T05:07:46Z,2,2,HTML,True,True,
thenaveensaggam,thenaveensaggam/react-mern-9AM,2023-03-06T04:55:48Z,1,1,JavaScript,True,True,
thenaveensaggam,thenaveensaggam/react-online,2020-07-18T16:53:17Z,2,2,,True,True,
thenaveensaggam,thenaveensaggam/react-redux-toolkit-crash-course-2022,2022-02-10T07:43:46Z,6,6,JavaScript,True,True,
thenaveensaggam,thenaveensaggam/react-social,2022-08-02T05:20:15Z,1,1,HTML,True,True,
thenaveensaggam,thenaveensaggam/React-UI-One,2022-11-05T03:44:18Z,1,1,JavaScript,True,True,
thenaveensaggam,thenaveensaggam/split-landing-page,2022-01-25T02:03:39Z,1,1,CSS,True,True,
thenaveensaggam,thenaveensaggam/test-node,2022-11-27T13:56:07Z,1,1,TypeScript,True,True,
thenaveensaggam,thenaveensaggam/thenaveensaggam.github.io,2018-09-10T10:03:57Z,29,29,HTML,True,True,
thenaveensaggam,thenaveensaggam/Travel_Yari_Website_UiBrains,2020-04-08T10:49:18Z,6,6,HTML,True,True,
thenaveensaggam,thenaveensaggam/UiBrains_Techno_Portal,2019-11-22T00:36:28Z,4,4,HTML,True,True,
thenaveensaggam,thenaveensaggam/UI_BootCamp,2019-03-27T08:44:47Z,7,7,HTML,True,True,
thenaveensaggam,thenaveensaggam/UI_Development_Course_Content,2017-12-26T08:26:36Z,33,33,,True,True,
thenaveensaggam,thenaveensaggam/Ultimate_Vacations_UiBrains,2020-04-15T08:32:43Z,7,7,HTML,True,True,
thenaveensaggam,thenaveensaggam/Vuex-Crash-Course-2022,2022-02-13T17:25:43Z,7,7,Vue,True,True,
MadhavBahl,MadhavBahl/2018.fossasia.org,2018-01-27T19:56:43Z,0,0,CSS,True,True,
MadhavBahl,MadhavBahl/2019.fossasia.org,2018-08-31T10:36:41Z,0,0,HTML,True,False,
MadhavBahl,MadhavBahl/A-to-Z-Resources-for-Students,2018-10-24T18:13:30Z,30,30,,True,True,MIT License
MadhavBahl,MadhavBahl/accounts.susi.ai,2018-09-13T09:27:41Z,0,0,JavaScript,True,False,GNU Lesser General Public License v2.1
MadhavBahl,MadhavBahl/ACM-eventsCertificates-generatorANDmailer,2017-09-24T12:40:20Z,8,8,JavaScript,True,True,
MadhavBahl,MadhavBahl/ADG-EventsSignUp-AND-Discussion-PORTAL,2017-09-03T16:07:02Z,1,1,CSS,True,True,
MadhavBahl,MadhavBahl/ADG-Official-Website,2017-06-17T05:10:08Z,9,9,HTML,True,True,
MadhavBahl,MadhavBahl/ADG-UNIDEV-EventFlow,2017-09-14T10:27:10Z,0,0,CSS,True,True,
MadhavBahl,MadhavBahl/al-go-rithms,2017-10-07T12:15:08Z,0,0,C++,True,True,MIT License
MadhavBahl,MadhavBahl/Algo-DS,2017-10-08T06:18:26Z,3,3,JavaScript,True,True,
MadhavBahl,MadhavBahl/Algorithms,2017-10-06T08:13:44Z,1,1,C++,True,True,
MadhavBahl,MadhavBahl/Algorithms-4-everyone,2017-10-04T02:29:30Z,1,1,Java,True,True,Do What The F*ck You Want To Public License
MadhavBahl,MadhavBahl/all-about-investments,2024-07-04T17:38:31Z,8,8,,True,False,
MadhavBahl,MadhavBahl/all-contributors-cli,2018-12-17T13:25:38Z,0,0,JavaScript,True,True,
MadhavBahl,MadhavBahl/Appathon-Portal,2018-03-11T18:49:03Z,1,1,HTML,True,True,
MadhavBahl,MadhavBahl/Appathon-Website,2018-01-10T15:01:54Z,1,1,JavaScript,True,True,
MadhavBahl,MadhavBahl/ARDUINO-Projects,2017-06-17T05:33:28Z,31,31,C++,True,True,MIT License
MadhavBahl,MadhavBahl/awesome-interview-questions,2019-01-20T03:32:26Z,6,6,,True,True,
MadhavBahl,MadhavBahl/badgeyay,2018-09-13T09:16:02Z,0,0,JavaScript,True,False,GNU General Public License v3.0
MadhavBahl,MadhavBahl/Basics-webtask,2017-11-26T11:38:26Z,1,1,CSS,True,True,
MadhavBahl,MadhavBahl/bootstrap-starter,2017-10-22T10:34:42Z,0,0,HTML,True,True,MIT License
MadhavBahl,MadhavBahl/C2C_certificates_generator,2017-09-24T04:10:44Z,0,0,HTML,True,True,
MadhavBahl,MadhavBahl/chat.susi.ai,2018-09-13T09:21:33Z,0,0,JavaScript,True,False,GNU Lesser General Public License v2.1
MadhavBahl,MadhavBahl/chatgpt-session,2023-04-03T12:34:23Z,0,0,HTML,True,True,
MadhavBahl,MadhavBahl/coding-interview-university,2018-05-30T15:42:16Z,0,0,,True,False,Creative Commons Attribution Share Alike 4.0 International
MadhavBahl,MadhavBahl/Control-Yourself,2017-12-25T11:25:53Z,17,17,JavaScript,True,True,MIT License
MadhavBahl,MadhavBahl/cpp-cheat-sheet,2018-10-15T02:58:39Z,5,5,,True,True,
MadhavBahl,MadhavBahl/cryptop-boilerplate-nit,2022-02-27T08:00:23Z,0,0,CSS,True,True,
MadhavBahl,MadhavBahl/csv-conv,2020-02-16T01:35:59Z,1,1,JavaScript,True,True,
MadhavBahl,MadhavBahl/dailyjs,2019-12-10T15:21:10Z,68,68,JavaScript,True,True,
MadhavBahl,MadhavBahl/daydreams,2019-03-22T22:04:20Z,0,0,Swift,True,True,
MadhavBahl,MadhavBahl/DevelopersRising.github.io,2017-10-07T10:32:11Z,1,1,HTML,True,False,Other
MadhavBahl,MadhavBahl/devise-n-master,2019-02-01T17:02:37Z,0,0,JavaScript,True,True,
MadhavBahl,MadhavBahl/Digital-Clock-Start-Screen,2020-01-03T13:21:36Z,0,0,JavaScript,True,True,
MadhavBahl,MadhavBahl/Extractive-Text-Summarizer,2019-08-14T17:58:23Z,5,5,Python,True,True,
MadhavBahl,MadhavBahl/Facebook-Feed-Clone,2020-01-09T08:45:23Z,0,0,,True,True,
MadhavBahl,MadhavBahl/find-opensource-work,2020-10-10T14:31:46Z,6,6,JavaScript,True,True,
MadhavBahl,MadhavBahl/Firestation-Firesafety-Project,2017-06-29T15:35:44Z,0,0,CSS,True,True,
MadhavBahl,MadhavBahl/flashtype,2021-02-26T17:46:09Z,2,2,JavaScript,True,True,
MadhavBahl,MadhavBahl/flex,2020-04-10T18:26:22Z,4,4,HTML,True,True,MIT License
MadhavBahl,MadhavBahl/flexbox-games,2021-01-05T16:55:20Z,1,1,,True,True,
MadhavBahl,MadhavBahl/flexbox-webinar,2020-04-08T05:12:24Z,3,3,HTML,True,True,
MadhavBahl,MadhavBahl/Flutter-Simple-Weather,2020-10-15T16:24:48Z,26,26,Dart,True,True,
MadhavBahl,MadhavBahl/graphql-starter,2022-08-20T18:01:56Z,0,0,JavaScript,True,True,
MadhavBahl,MadhavBahl/GreenSock-JS,2017-11-12T05:41:28Z,0,0,JavaScript,True,True,
MadhavBahl,MadhavBahl/hacktoberfest-checker,2017-10-13T03:42:57Z,0,0,JavaScript,True,True,MIT License
MadhavBahl,MadhavBahl/hacktoberfest2021,2021-10-02T07:48:21Z,7,7,JavaScript,True,True,
MadhavBahl,MadhavBahl/hamburgers,2017-09-07T11:03:59Z,0,0,CSS,True,True,MIT License
MadhavBahl,MadhavBahl/hello-worlds,2017-10-01T17:31:23Z,0,0,AppleScript,True,False,
MadhavBahl,MadhavBahl/HORIZON-17,2017-04-16T18:52:31Z,1,1,CSS,True,True,
MadhavBahl,MadhavBahl/how-to-contribute-to-open-source,2018-05-19T18:47:34Z,3,3,,True,False,Creative Commons Attribution Share Alike 4.0 International
MadhavBahl,MadhavBahl/inspirational-quotes,2019-10-07T08:51:43Z,1,1,JavaScript,True,True,MIT License
MadhavBahl,MadhavBahl/InterDude,2018-10-06T07:10:26Z,2,2,CSS,True,True,
MadhavBahl,MadhavBahl/iostream,2019-02-07T18:18:34Z,0,0,JavaScript,True,True,
MadhavBahl,MadhavBahl/JAMstack-app-for-fcc-hack,2018-09-06T05:20:22Z,0,0,CSS,True,True,MIT License
MadhavBahl,MadhavBahl/JavaScript30-30APPS,2017-11-14T07:42:47Z,7,7,JavaScript,True,True,
MadhavBahl,MadhavBahl/jeevanam,2018-08-06T17:38:44Z,5,5,HTML,True,True,MIT License
MadhavBahl,MadhavBahl/Join_OpenGenus,2017-11-01T18:59:04Z,0,0,,True,True,
MadhavBahl,MadhavBahl/Just-For-Fun-RN-Side-Project,2020-01-24T03:44:28Z,0,0,,True,True,
MadhavBahl,MadhavBahl/Kickoff-To-Open-Source,2021-10-02T14:45:52Z,0,0,,True,True,
MadhavBahl,MadhavBahl/knowledge-base,2020-12-17T04:10:56Z,3,3,,True,True,
MadhavBahl,MadhavBahl/Let-Me-Choose,2017-10-21T17:01:02Z,2,2,,True,True,
MadhavBahl,MadhavBahl/LIGHT-LEVEL-DETECTOR---IOT-PROJECT,2017-05-31T04:57:29Z,0,0,JavaScript,True,True,
MadhavBahl,MadhavBahl/Logic-Xcution---BASIC-APPSTORE,2017-06-16T12:11:59Z,7,7,C++,True,True,MIT License
MadhavBahl,MadhavBahl/LX-MotiveX-BLOG,2017-07-28T05:50:24Z,0,0,CSS,True,True,
MadhavBahl,MadhavBahl/machine-learning-for-software-engineers,2017-08-24T06:51:52Z,2,2,,True,True,Creative Commons Attribution Share Alike 4.0 International
MadhavBahl,MadhavBahl/MadhavBahl.github.io,2021-05-23T06:07:56Z,1,1,JavaScript,True,True,
MadhavBahl,MadhavBahl/Mass-Plagiarism-Reporter,2019-04-14T03:27:05Z,0,0,,True,True,
MadhavBahl,MadhavBahl/Materialized,2017-10-26T17:29:58Z,3,3,JavaScript,True,True,
MadhavBahl,MadhavBahl/Medico,2018-08-31T11:37:31Z,0,0,HTML,True,True,
MadhavBahl,MadhavBahl/meilix-generator,2018-09-13T09:19:48Z,0,0,HTML,True,False,GNU Lesser General Public License v3.0
MadhavBahl,MadhavBahl/minimal-mistakes,2021-01-23T19:38:06Z,0,0,,True,False,MIT License
MadhavBahl,MadhavBahl/MMM-SUSI-AI,2018-09-13T09:23:44Z,0,0,TypeScript,True,False,GNU Lesser General Public License v2.1
MadhavBahl,MadhavBahl/Multer-File-Upload-Boilerplate,2018-09-03T19:16:41Z,2,2,JavaScript,True,True,
MadhavBahl,MadhavBahl/Mutual-Plagiarism-Checker,2019-02-14T15:55:29Z,1,1,Java,True,True,
MadhavBahl,MadhavBahl/my-open-profile,2020-09-28T19:03:22Z,7,7,TypeScript,True,True,
MadhavBahl,MadhavBahl/name-startup,2020-05-09T15:14:10Z,4,4,JavaScript,True,True,
MadhavBahl,MadhavBahl/NearPhones,2019-03-19T09:49:33Z,1,1,JavaScript,True,True,
MadhavBahl,MadhavBahl/newsletter,2021-05-02T16:05:27Z,0,0,,True,True,
MadhavBahl,MadhavBahl/Node.JS-Beginner-Apps,2017-08-21T18:35:00Z,12,12,JavaScript,True,True,Apache License 2.0
MadhavBahl,MadhavBahl/notes-app,2017-10-02T08:48:30Z,1,1,JavaScript,True,True,
MadhavBahl,MadhavBahl/OOPS,2017-11-30T15:09:57Z,117,117,C,True,True,MIT License
MadhavBahl,MadhavBahl/open-event-frontend,2018-09-13T09:20:32Z,1,1,JavaScript,True,False,Apache License 2.0
MadhavBahl,MadhavBahl/OperatingSystem-Algorithms,2017-11-08T14:23:28Z,25,25,C,True,True,MIT License
MadhavBahl,MadhavBahl/os-guest-lecture,2024-08-19T17:15:41Z,0,0,,True,True,
MadhavBahl,MadhavBahl/os-meetup,2019-02-19T09:59:19Z,3,3,JavaScript,True,True,
MadhavBahl,MadhavBahl/os-webinar,2020-10-02T03:23:07Z,0,0,JavaScript,True,True,
MadhavBahl,MadhavBahl/pokeData,2020-05-01T17:50:07Z,0,0,JavaScript,True,True,
MadhavBahl,MadhavBahl/portfolio-boilerplate,2020-11-25T15:37:57Z,2,2,JavaScript,True,True,
MadhavBahl,MadhavBahl/portfolio-old,2020-05-23T18:26:29Z,18,18,JavaScript,True,True,
MadhavBahl,MadhavBahl/portfolio-resources,2020-07-17T16:04:55Z,3,3,JavaScript,True,True,
MadhavBahl,MadhavBahl/prateekiiest,2020-09-28T07:12:19Z,0,0,,True,True,
MadhavBahl,MadhavBahl/Project-Avenue-Frontend,2018-05-05T11:31:30Z,2,2,HTML,True,True,
MadhavBahl,MadhavBahl/publiccode.asia,2018-09-13T09:17:34Z,0,0,JavaScript,True,False,GNU General Public License v3.0
MadhavBahl,MadhavBahl/pwa-starter,2021-04-07T14:05:34Z,1,1,JavaScript,True,True,
MadhavBahl,MadhavBahl/Python-Scripts,2017-10-11T08:02:15Z,8,8,Python,True,True,MIT License
MadhavBahl,MadhavBahl/pythonista,2018-10-03T14:47:43Z,1,1,Python,True,True,
MadhavBahl,MadhavBahl/react-nit-trichy,2022-02-26T16:12:55Z,0,0,,True,True,
MadhavBahl,MadhavBahl/react-pokedex,2020-05-03T10:50:43Z,22,22,JavaScript,True,True,
MadhavBahl,MadhavBahl/react-sprints,2023-05-25T16:16:52Z,2,2,JavaScript,True,True,
MadhavBahl,MadhavBahl/Real-Things,2018-10-13T06:02:08Z,8,8,JavaScript,True,True,
MadhavBahl,MadhavBahl/sample-react-app,2020-03-22T10:10:08Z,2,2,JavaScript,True,True,
MadhavBahl,MadhavBahl/Sankshep-Frontend,2018-03-17T13:51:53Z,2,2,HTML,True,True,Eclipse Public License 2.0
MadhavBahl,MadhavBahl/Secure-cloud-comuting-using-bifid-cipher,2017-12-22T11:26:43Z,1,1,JavaScript,True,True,Apache License 2.0
MadhavBahl,MadhavBahl/shebang-everything,2018-04-08T04:20:46Z,89,89,Shell,True,True,GNU General Public License v3.0
MadhavBahl,MadhavBahl/ShoppingList-Desktop-App,2017-10-08T16:41:05Z,3,3,JavaScript,True,True,
MadhavBahl,MadhavBahl/simple-lazy-loading,2019-08-31T05:41:55Z,0,0,HTML,True,True,
MadhavBahl,MadhavBahl/SimpleBio,2019-10-07T09:18:00Z,0,0,HTML,True,True,MIT License
MadhavBahl,MadhavBahl/SKIDL-UI,2019-08-03T01:27:10Z,0,0,JavaScript,True,True,
MadhavBahl,MadhavBahl/slides,2020-10-17T13:46:48Z,65,65,HTML,True,True,
MadhavBahl,MadhavBahl/speedy-type,2020-12-02T07:33:53Z,2,2,JavaScript,True,True,
MadhavBahl,MadhavBahl/speedy-type-boilerplate,2020-12-04T18:08:21Z,2,2,CSS,True,True,
MadhavBahl,MadhavBahl/startbootstrap-agency,2020-03-28T16:15:23Z,0,0,,True,True,MIT License
MadhavBahl,MadhavBahl/startup-name-generator,2019-11-08T04:59:48Z,17,17,JavaScript,True,True,
MadhavBahl,MadhavBahl/susi_chromebot,2018-09-13T09:27:48Z,0,0,JavaScript,True,False,GNU Lesser General Public License v2.1
MadhavBahl,MadhavBahl/swoc,2021-11-10T17:06:36Z,0,0,HTML,True,True,
MadhavBahl,MadhavBahl/talks,2021-12-01T05:15:55Z,0,0,HTML,True,True,
MadhavBahl,MadhavBahl/test-os-webinar,2020-04-26T06:32:59Z,0,0,HTML,True,True,
MadhavBahl,MadhavBahl/Text-Summarizer-App,2019-12-03T08:32:19Z,1,1,,True,True,
MadhavBahl,MadhavBahl/Think-Incognito,2017-10-13T05:40:42Z,35,35,HTML,True,True,MIT License
MadhavBahl,MadhavBahl/TicTacGameC,2017-10-01T10:31:31Z,0,0,C++,True,True,
MadhavBahl,MadhavBahl/Upay,2018-06-26T17:52:30Z,0,0,JavaScript,True,True,MIT License
MadhavBahl,MadhavBahl/vitrendz-roadmap,2021-10-16T06:00:09Z,0,0,JavaScript,True,True,
MadhavBahl,MadhavBahl/WeatherAPP,2017-08-27T07:22:17Z,1,1,JavaScript,True,True,MIT License
MadhavBahl,MadhavBahl/weatheready,2024-10-08T17:54:31Z,0,0,,True,True,
MadhavBahl,MadhavBahl/WeatherValley,2017-09-05T12:05:42Z,5,5,CSS,True,True,MIT License
MadhavBahl,MadhavBahl/Writing-Sharing,2017-11-20T09:43:44Z,4,4,,True,True,Apache License 2.0
MadhavBahl,MadhavBahl/yaydoc,2018-09-13T09:23:06Z,0,0,JavaScript,True,False,GNU General Public License v3.0
sivaprasadreddy,sivaprasadreddy/angular-conduit-signals,2024-07-13T16:47:23Z,1,1,,True,True,
sivaprasadreddy,sivaprasadreddy/ansible-role-spring-boot,2020-05-10T13:09:29Z,0,0,,True,True,MIT License
sivaprasadreddy,sivaprasadreddy/backstage-templates,2024-06-16T03:19:48Z,0,0,Java,True,True,Apache License 2.0
sivaprasadreddy,sivaprasadreddy/bangalore-jug-modern-spring-boot,2024-04-25T02:02:53Z,2,2,Java,True,False,Apache License 2.0
sivaprasadreddy,sivaprasadreddy/beginning-spring-boot-2,2018-02-09T04:02:17Z,6,6,Java,True,True,
sivaprasadreddy,sivaprasadreddy/bookmarks,2024-10-17T08:51:10Z,2,2,Java,True,True,
sivaprasadreddy,sivaprasadreddy/bookmarks-go,2021-12-02T11:34:42Z,1,1,Go,True,True,
sivaprasadreddy,sivaprasadreddy/bootiful-blog,2024-10-23T10:12:37Z,2,2,Java,True,False,Apache License 2.0
sivaprasadreddy,sivaprasadreddy/config-repo,2017-03-13T05:53:20Z,4,4,,True,True,
sivaprasadreddy,sivaprasadreddy/devjava-content,2024-09-04T06:44:18Z,0,0,,True,True,
sivaprasadreddy,sivaprasadreddy/devzone,2020-11-07T03:36:25Z,26,26,Java,True,True,MIT License
sivaprasadreddy,sivaprasadreddy/dotfiles,2022-10-03T01:49:52Z,0,0,Shell,True,True,
sivaprasadreddy,sivaprasadreddy/geeknight-cloud-native-apps-springcloud,2017-10-10T08:38:07Z,3,3,Shell,True,True,Apache License 2.0
sivaprasadreddy,sivaprasadreddy/generator-springboot,2019-07-25T10:03:14Z,224,224,Java,True,True,MIT License
sivaprasadreddy,sivaprasadreddy/go-for-spring-boot-developers,2023-11-15T23:19:54Z,10,10,Go,True,False,MIT License
sivaprasadreddy,sivaprasadreddy/guide,2024-09-04T06:50:28Z,0,0,,True,False,Other
sivaprasadreddy,sivaprasadreddy/helm-charts,2021-09-19T03:15:17Z,0,0,Smarty,True,True,Apache License 2.0
sivaprasadreddy,sivaprasadreddy/homebrew-progen,2023-11-09T04:35:27Z,0,0,Ruby,True,True,
sivaprasadreddy,sivaprasadreddy/hugo-asciidoc-blog,2023-07-19T22:48:35Z,0,0,HTML,True,True,
sivaprasadreddy,sivaprasadreddy/hypersistence-optimizer-demo,2020-12-11T11:00:24Z,0,0,Java,True,True,
sivaprasadreddy,sivaprasadreddy/intellij-idea-livestream-26-sept-2024,2024-09-27T12:13:15Z,5,5,Java,True,True,
sivaprasadreddy,sivaprasadreddy/intellij-live-templates,2022-07-13T06:07:39Z,33,33,,True,True,
sivaprasadreddy,sivaprasadreddy/intellij-samples,2024-09-04T06:59:14Z,0,0,,True,True,MIT License
sivaprasadreddy,sivaprasadreddy/java-dev-vagrant-box,2020-05-10T12:20:16Z,0,0,Shell,True,True,MIT License
sivaprasadreddy,sivaprasadreddy/Java-Persistence-with-MyBatis3,2013-01-18T05:25:57Z,147,147,Java,True,True,
sivaprasadreddy,sivaprasadreddy/java-testing-made-easy,2023-03-01T04:11:10Z,27,27,Java,True,True,MIT License
sivaprasadreddy,sivaprasadreddy/javafest,2024-09-28T04:00:50Z,0,0,HTML,True,True,Apache License 2.0
sivaprasadreddy,sivaprasadreddy/jcart,2015-11-22T10:38:52Z,60,60,Java,True,True,MIT License
sivaprasadreddy,sivaprasadreddy/jdev-simplify,2024-10-18T05:05:02Z,0,0,Kotlin,True,True,
sivaprasadreddy,sivaprasadreddy/jenkins-shared-library,2018-12-14T05:51:24Z,3,3,Groovy,True,True,
sivaprasadreddy,sivaprasadreddy/jhipster.github.io,2024-08-29T06:11:15Z,0,0,,True,False,
sivaprasadreddy,sivaprasadreddy/kafka-tutorial,2019-06-18T09:07:57Z,4,4,Java,True,True,
sivaprasadreddy,sivaprasadreddy/langchain4j-demos,2024-02-19T13:05:24Z,3,3,Java,True,True,Apache License 2.0
sivaprasadreddy,sivaprasadreddy/maven-archetype-templates,2012-10-27T05:39:36Z,138,138,CSS,True,True,
sivaprasadreddy,sivaprasadreddy/microservices-config-repo,2018-03-03T05:48:26Z,2,2,,True,True,
sivaprasadreddy,sivaprasadreddy/modern-spring-boot,2024-02-01T09:42:43Z,10,10,Java,True,False,MIT License
sivaprasadreddy,sivaprasadreddy/must-know-java-libraries,2024-02-12T09:12:54Z,6,6,Java,True,False,Apache License 2.0
sivaprasadreddy,sivaprasadreddy/presentations,2019-04-25T13:33:49Z,0,0,HTML,True,True,
sivaprasadreddy,sivaprasadreddy/primefaces-beginners-guide,2013-03-20T09:48:41Z,15,15,Java,True,True,
sivaprasadreddy,sivaprasadreddy/progen,2023-11-04T03:15:01Z,14,14,Go,True,False,Apache License 2.0
sivaprasadreddy,sivaprasadreddy/reusable-github-workflows,2022-12-22T12:24:14Z,0,0,,True,True,MIT License
sivaprasadreddy,sivaprasadreddy/sample-spring-boot-app,2024-06-16T06:16:08Z,1,1,Java,True,True,
sivaprasadreddy,sivaprasadreddy/sample-spring-boot-app-using-backstage,2024-06-16T04:05:08Z,0,0,Java,True,True,
sivaprasadreddy,sivaprasadreddy/sivalabs-blog-samples-code,2011-11-26T14:06:24Z,143,143,JavaScript,True,True,
sivaprasadreddy,sivaprasadreddy/sivalabs-dev-notes,2014-10-16T11:08:16Z,11,11,,True,True,
sivaprasadreddy,sivaprasadreddy/sivalabs-hugo-themes,2016-06-11T12:09:43Z,0,0,CSS,True,True,Apache License 2.0
sivaprasadreddy,sivaprasadreddy/sivalabs-learning-paths,2024-07-08T04:29:59Z,4,4,,True,True,
sivaprasadreddy,sivaprasadreddy/sivalabs-talks,2024-09-01T11:23:59Z,2,2,,True,False,Apache License 2.0
sivaprasadreddy,sivaprasadreddy/sivalabs-youtube-code-samples,2022-05-02T06:35:23Z,15,15,Java,True,True,
sivaprasadreddy,sivaprasadreddy/sivaprasadreddy,2020-07-10T01:31:42Z,1,1,,True,True,
sivaprasadreddy,sivaprasadreddy/sivaprasadreddy.github.io,2019-04-05T05:53:26Z,0,0,HTML,True,True,
sivaprasadreddy,sivaprasadreddy/software-architecture-premier,2024-08-17T05:25:35Z,156,156,,True,False,Apache License 2.0
sivaprasadreddy,sivaprasadreddy/spring-ai-geek-talk,2024-07-25T12:25:58Z,1,1,Java,True,False,MIT License
sivaprasadreddy,sivaprasadreddy/spring-ai-samples,2024-01-28T10:57:13Z,6,6,Java,True,False,
sivaprasadreddy,sivaprasadreddy/spring-boot-3-observability-grafana-stack,2023-01-16T11:04:46Z,9,9,Java,True,True,
sivaprasadreddy,sivaprasadreddy/spring-boot-application-template,2023-04-23T04:21:51Z,32,32,Java,True,False,Apache License 2.0
sivaprasadreddy,sivaprasadreddy/spring-boot-aws-kitchensink,2022-09-21T10:08:10Z,3,3,Java,True,True,
sivaprasadreddy,sivaprasadreddy/spring-boot-jooq-demo,2022-08-14T01:46:33Z,7,7,Java,True,True,
sivaprasadreddy,sivaprasadreddy/spring-boot-microservices-course,2024-04-03T03:04:50Z,61,61,Java,True,True,Apache License 2.0
sivaprasadreddy,sivaprasadreddy/spring-boot-microservices-series,2018-02-19T12:21:31Z,643,643,Java,True,True,MIT License
sivaprasadreddy,sivaprasadreddy/spring-boot-opentelemetry-demo,2023-03-06T04:42:05Z,12,12,Java,True,True,MIT License
sivaprasadreddy,sivaprasadreddy/spring-boot-todolist,2020-05-06T11:15:26Z,7,7,Java,True,True,
sivaprasadreddy,sivaprasadreddy/spring-boot-tutorials,2016-02-18T04:50:28Z,65,65,JavaScript,True,True,Apache License 2.0
sivaprasadreddy,sivaprasadreddy/spring-boot-tutorials-blog-series,2023-07-19T02:45:54Z,14,14,Java,True,False,MIT License
sivaprasadreddy,sivaprasadreddy/spring-modular-monolith,2024-08-26T02:27:43Z,35,35,Java,True,False,Apache License 2.0
sivaprasadreddy,sivaprasadreddy/spring-modulith,2024-09-02T13:36:00Z,0,0,,True,False,Apache License 2.0
sivaprasadreddy,sivaprasadreddy/spring-petclinic,2024-10-01T13:27:58Z,0,0,CSS,True,False,Apache License 2.0
sivaprasadreddy,sivaprasadreddy/spring-realworld-conduit-api,2024-07-03T06:16:02Z,11,11,Java,True,False,MIT License
sivaprasadreddy,sivaprasadreddy/spring-security-oauth2-microservices-demo,2023-09-25T15:18:43Z,6,6,Java,True,False,MIT License
sivaprasadreddy,sivaprasadreddy/spring-style-docs,2024-06-23T01:41:21Z,5,5,Java,True,True,
sivaprasadreddy,sivaprasadreddy/springboot-kubernetes-youtube-series,2022-06-21T10:58:14Z,34,34,Java,True,True,
sivaprasadreddy,sivaprasadreddy/springboot-learn-by-example,2016-06-11T13:24:19Z,75,75,SCSS,True,True,Apache License 2.0
sivaprasadreddy,sivaprasadreddy/start.spring.io,2024-10-07T11:48:20Z,0,0,,True,True,Apache License 2.0
sivaprasadreddy,sivaprasadreddy/streamlit-ollama-chatbot,2024-08-02T07:04:09Z,3,3,Python,True,True,
sivaprasadreddy,sivaprasadreddy/survey,2023-11-08T02:55:58Z,0,0,,True,False,MIT License
sivaprasadreddy,sivaprasadreddy/techbuzz,2023-01-11T04:07:29Z,48,48,Java,True,True,Apache License 2.0
sivaprasadreddy,sivaprasadreddy/testcontainers-bazel7-demo,2024-01-16T12:16:01Z,0,0,Starlark,True,False,
sivaprasadreddy,sivaprasadreddy/testcontainers-dotnet-demo,2023-09-15T05:49:04Z,0,0,C#,True,False,MIT License
sivaprasadreddy,sivaprasadreddy/testcontainers-samples,2022-08-07T04:57:55Z,56,56,Java,True,True,Apache License 2.0
sivaprasadreddy,sivaprasadreddy/tomato-architecture,2023-05-24T10:30:32Z,519,519,,True,False,MIT License
sivaprasadreddy,sivaprasadreddy/tomato-architecture-spring-boot-demo,2024-06-21T11:21:33Z,46,46,Java,True,False,Apache License 2.0
sivaprasadreddy,sivaprasadreddy/twitter4j-spring-boot-starter,2016-02-15T01:03:28Z,12,12,Java,True,True,
sivaprasadreddy,sivaprasadreddy/video-library-monolith,2021-06-28T04:27:04Z,1,1,Java,True,True,
ashokitschool,ashokitschool/01_products_api,2024-10-10T03:25:10Z,0,0,Java,True,True,
ashokitschool,ashokitschool/02_orders_api,2024-10-10T03:26:22Z,0,0,Java,True,True,
ashokitschool,ashokitschool/03_customer_api,2024-10-10T03:27:23Z,0,0,Java,True,True,
ashokitschool,ashokitschool/04_admin_api,2024-10-11T02:49:45Z,0,0,Java,True,True,
ashokitschool,ashokitschool/05_Notifications_API,2024-10-19T02:19:26Z,0,0,Java,True,True,
ashokitschool,ashokitschool/26_jrtp_workspace,2024-06-06T03:34:12Z,8,8,Java,True,True,
ashokitschool,ashokitschool/angular_app,2024-01-02T06:26:35Z,1,1,TypeScript,True,True,
ashokitschool,ashokitschool/angular_docker_app,2023-08-07T14:44:32Z,3,3,TypeScript,True,True,
ashokitschool,ashokitschool/Angular_Reactive_Form_Validation,2022-12-06T15:58:50Z,0,0,TypeScript,True,True,
ashokitschool,ashokitschool/Angular_Template_Form_Validation,2022-12-06T16:01:36Z,1,1,HTML,True,True,
ashokitschool,ashokitschool/ansible_playbooks_samples,2022-06-20T17:12:11Z,11,11,,True,True,
ashokitschool,ashokitschool/Apache-POI-API-Application,2018-10-05T07:11:15Z,0,0,Java,True,True,
ashokitschool,ashokitschool/apache_poi_java_app,2022-12-21T07:32:29Z,8,8,Java,True,True,
ashokitschool,ashokitschool/ashokit_ecomm_store,2024-10-19T05:15:30Z,0,0,CSS,True,True,
ashokitschool,ashokitschool/ashokit_profile_app,2023-07-19T07:19:33Z,1,1,Java,True,True,
ashokitschool,ashokitschool/ashokit_weekend_workshops,2022-03-13T12:50:22Z,33,33,,True,True,
ashokitschool,ashokitschool/asp_dotnet_docker_app,2023-08-07T14:32:50Z,2,2,HTML,True,True,MIT License
ashokitschool,ashokitschool/backend_app,2024-07-01T16:15:47Z,1,1,Java,True,True,
ashokitschool,ashokitschool/configuration_properties,2022-08-23T02:06:43Z,3,3,,True,True,
ashokitschool,ashokitschool/contact_backend_app,2022-12-15T16:35:02Z,9,9,Java,True,True,
ashokitschool,ashokitschool/contact_ui_ng_app,2022-12-15T16:27:27Z,7,7,TypeScript,True,True,
ashokitschool,ashokitschool/correspondence,2023-02-28T03:08:41Z,4,4,Java,True,True,
ashokitschool,ashokitschool/courses_web_app,2023-09-21T14:38:38Z,0,0,Java,True,True,
ashokitschool,ashokitschool/co_api,2023-08-04T06:17:53Z,3,3,Java,True,True,
ashokitschool,ashokitschool/data_jpa_procedure_app,2023-08-25T12:48:00Z,0,0,Java,True,True,
ashokitschool,ashokitschool/DevOps-Documents,2023-02-11T04:14:12Z,74,74,,True,True,
ashokitschool,ashokitschool/devops_project,2023-07-22T04:59:10Z,7,7,HCL,True,True,
ashokitschool,ashokitschool/ed_api,2023-08-03T05:27:16Z,3,3,Java,True,True,
ashokitschool,ashokitschool/GSON-JSON-APP,2019-03-03T18:15:03Z,0,0,Java,True,True,
ashokitschool,ashokitschool/html_crash_course,2024-04-13T06:39:00Z,0,0,HTML,True,True,
ashokitschool,ashokitschool/IES-UI-App,2024-01-06T05:26:01Z,2,2,TypeScript,True,True,
ashokitschool,ashokitschool/ies_admin_api,2023-07-27T05:09:00Z,7,7,Java,True,True,
ashokitschool,ashokitschool/IES_AR_API,2023-07-31T17:07:28Z,3,3,Java,True,True,
ashokitschool,ashokitschool/IES_DC_API,2023-08-01T04:58:28Z,3,3,Java,True,True,
ashokitschool,ashokitschool/Jars,2023-07-02T04:20:54Z,0,0,,True,True,
ashokitschool,ashokitschool/JAVA-MAVEN-WEB-APP,2018-10-12T09:15:00Z,7,7,Java,True,True,
ashokitschool,ashokitschool/java_maven_app,2022-07-01T13:44:50Z,1,1,Java,True,True,
ashokitschool,ashokitschool/jenkins_shared_lib,2023-09-20T10:26:28Z,0,0,Groovy,True,True,
ashokitschool,ashokitschool/JRTP25-App1,2024-01-19T13:28:26Z,4,4,Java,True,True,
ashokitschool,ashokitschool/JRTP25-App2,2024-01-24T12:27:19Z,4,4,Java,True,False,
ashokitschool,ashokitschool/jrtp_27_app,2024-08-03T01:54:33Z,0,0,Java,True,True,
ashokitschool,ashokitschool/JSON-JACKSON-MAVEN-APP,2019-03-02T15:37:34Z,0,0,Java,True,True,
ashokitschool,ashokitschool/json_parsing_app,2023-03-28T09:46:48Z,1,1,Java,True,True,
ashokitschool,ashokitschool/Junit_Jacocco_App,2023-03-13T15:07:21Z,4,4,Java,True,True,
ashokitschool,ashokitschool/k8s_metrics_server,2022-07-15T03:05:15Z,5,5,Dockerfile,True,True,
ashokitschool,ashokitschool/kubernetes_ingress,2022-07-20T06:50:32Z,6,6,,True,True,
ashokitschool,ashokitschool/kubernetes_manifest_yml_files,2023-04-04T03:42:08Z,48,48,,True,True,
ashokitschool,ashokitschool/kubernetes_statefulset_ymls,2022-12-15T02:38:48Z,9,9,,True,True,
ashokitschool,ashokitschool/maven-web-app,2022-06-03T12:27:47Z,62,62,Java,True,True,
ashokitschool,ashokitschool/maven_app,2023-08-29T13:38:13Z,1,1,Java,True,True,
ashokitschool,ashokitschool/maven_web_app_jenkins_pipeline,2022-06-15T05:45:53Z,4,4,Java,True,True,
ashokitschool,ashokitschool/Microservices_Security,2024-02-03T04:57:38Z,6,6,Java,True,True,
ashokitschool,ashokitschool/Microservices_Zero_To_Hero,2024-09-14T06:50:41Z,15,15,Java,True,True,
ashokitschool,ashokitschool/my_shared_libraries,2023-09-20T15:43:34Z,1,1,Groovy,True,True,
ashokitschool,ashokitschool/ng_dynamic_search,2023-04-15T15:20:12Z,1,1,TypeScript,True,True,
ashokitschool,ashokitschool/ORACLE_CLASS_NOTES,2022-11-14T17:23:03Z,20,20,,True,True,
ashokitschool,ashokitschool/plans_api,2022-09-06T13:14:53Z,2,2,Java,True,True,
ashokitschool,ashokitschool/python-flask-docker-app,2021-12-05T02:50:59Z,9,9,Python,True,True,
ashokitschool,ashokitschool/python_flask_docker_app,2022-07-04T09:35:00Z,4,4,Python,True,True,
ashokitschool,ashokitschool/ReactJS_Docker_App,2022-11-30T04:03:30Z,2,2,JavaScript,True,True,
ashokitschool,ashokitschool/reports_api,2022-09-06T13:13:35Z,2,2,Java,True,True,
ashokitschool,ashokitschool/Resume_Workshop,2022-10-16T07:53:35Z,6,6,,True,True,
ashokitschool,ashokitschool/RULES-API,2019-07-08T15:19:48Z,1,1,,True,True,
ashokitschool,ashokitschool/s3_static_website_hosting,2022-12-29T02:53:53Z,6,6,HTML,True,True,
ashokitschool,ashokitschool/SAGA_Choreography_Implementation,2023-12-09T05:44:49Z,2,2,Java,True,True,
ashokitschool,ashokitschool/SB-REST-H2-DB-APP,2022-02-08T16:27:49Z,1,1,Java,True,True,
ashokitschool,ashokitschool/sb-web-app,2022-07-22T18:02:26Z,0,0,Java,True,True,
ashokitschool,ashokitschool/SBMS-39,2024-02-14T05:37:10Z,11,11,Java,True,True,
ashokitschool,ashokitschool/SBMS-Workspace,2023-08-11T03:19:51Z,5,5,JavaScript,True,True,
ashokitschool,ashokitschool/sb_log_app,2024-03-11T03:12:33Z,2,2,Java,True,True,
ashokitschool,ashokitschool/sb_rest_api_junit_app,2024-10-26T03:16:54Z,0,0,Java,True,True,
ashokitschool,ashokitschool/spring-boot-docker-app,2021-12-05T02:32:52Z,33,33,Java,True,True,
ashokitschool,ashokitschool/spring-boot-mysql,2022-08-15T06:41:16Z,1,1,Java,True,True,
ashokitschool,ashokitschool/spring-boot-mysql-docker-compose,2022-10-02T07:24:39Z,10,10,Java,True,True,
ashokitschool,ashokitschool/SpringBoot-Rest-Swagger-App,2018-11-01T08:51:03Z,8,8,Java,True,True,
ashokitschool,ashokitschool/SpringBoot-YML-Profiles-App,2019-03-03T19:34:52Z,0,0,Java,True,True,
ashokitschool,ashokitschool/springboot_3.x_app,2023-10-05T03:15:32Z,1,1,Java,True,True,
ashokitschool,ashokitschool/SpringBoot_3.x_JWT_App,2023-12-05T03:49:08Z,2,2,Java,True,True,
ashokitschool,ashokitschool/springboot_app_properties,2023-05-10T05:24:08Z,0,0,Java,True,True,
ashokitschool,ashokitschool/springboot_circuit_breaker,2023-05-23T10:43:56Z,0,0,Java,True,True,
ashokitschool,ashokitschool/springboot_file_upload_download,2024-05-24T02:07:28Z,2,2,Java,True,True,
ashokitschool,ashokitschool/SpringBoot_Gradle_APP,2023-01-28T09:23:55Z,1,1,Java,True,True,
ashokitschool,ashokitschool/springboot_jpa_many_to_many_app,2023-03-12T07:47:51Z,1,1,Java,True,True,
ashokitschool,ashokitschool/springboot_jpa_one_to_many_app,2023-03-12T06:51:58Z,2,2,Java,True,True,
ashokitschool,ashokitschool/springboot_jpa_one_to_one_app,2023-03-12T06:53:41Z,3,3,Java,True,True,
ashokitschool,ashokitschool/SpringBoot_JWT_App,2024-02-13T01:16:03Z,5,5,Java,True,True,
ashokitschool,ashokitschool/springboot_multi_db_config,2022-07-27T06:36:36Z,5,5,Java,True,True,
ashokitschool,ashokitschool/springboot_payment_gateway_integration,2024-06-23T03:09:24Z,4,4,Java,True,True,
ashokitschool,ashokitschool/springboot_razorpay_app,2023-03-24T15:23:41Z,2,2,HTML,True,True,
ashokitschool,ashokitschool/SpringBoot_Reactive_API,2023-05-08T13:57:56Z,0,0,Java,True,True,
ashokitschool,ashokitschool/Springboot_Reactive_App,2023-11-30T12:12:13Z,2,2,Java,True,True,
ashokitschool,ashokitschool/Springboot_Redis_App,2023-05-02T15:25:07Z,0,0,Java,True,True,
ashokitschool,ashokitschool/SpringBoot_Redis_Cloud_DB_App,2024-02-02T03:02:30Z,3,3,Java,True,True,
ashokitschool,ashokitschool/springboot_register_login_security,2024-10-10T06:00:36Z,0,0,Java,True,True,
ashokitschool,ashokitschool/springboot_rest_api_crud_mysql,2022-12-19T15:11:37Z,4,4,Java,True,True,
ashokitschool,ashokitschool/springboot_s3_app,2023-03-09T04:50:19Z,1,1,Java,True,True,
ashokitschool,ashokitschool/SpringBoot_Security_Register_Login,2024-02-08T04:00:13Z,4,4,Java,True,True,
ashokitschool,ashokitschool/springboot_thyemleaf_app,2023-03-08T15:06:42Z,3,3,HTML,True,True,
ashokitschool,ashokitschool/springboot_whatsapp_api_integration,2024-07-14T05:52:42Z,11,11,Java,True,True,
ashokitschool,ashokitschool/SpringMVC-Apache-POI-Excel-ITEXT-PDF-Reports,2018-10-08T11:19:59Z,0,0,Java,True,True,
ashokitschool,ashokitschool/spring_boot_kafka_consumer,2023-06-28T10:19:50Z,3,3,Java,True,True,
ashokitschool,ashokitschool/spring_boot_kafka_producer,2023-06-28T10:16:07Z,2,2,Java,True,True,
ashokitschool,ashokitschool/spring_boot_mongodb_docker,2022-08-14T07:14:28Z,3,3,Java,True,True,
ashokitschool,ashokitschool/Spring_Data_Rest_API,2023-04-01T13:58:27Z,0,0,Java,True,True,
ashokitschool,ashokitschool/spring_file_reading_app,2023-08-05T03:03:05Z,2,2,Java,True,True,
ashokitschool,ashokitschool/Spring_WEB_MVC_FORM_APP,2023-03-07T15:22:18Z,2,2,Java,True,True,
ashokitschool,ashokitschool/sringboot_batch_app,2023-05-05T13:55:05Z,3,3,Java,True,True,
ashokitschool,ashokitschool/ssa-web-api,2023-01-30T03:46:18Z,1,1,Java,True,True,
ashokitschool,ashokitschool/Terraform_Projects,2023-11-20T13:39:01Z,3,3,HCL,True,True,
ashokitschool,ashokitschool/ui-app,2024-06-30T04:24:42Z,0,0,TypeScript,True,True,
ashokitschool,ashokitschool/ui_app,2024-06-24T03:32:00Z,1,1,TypeScript,True,True,
Shahzaib-D-Memon,Shahzaib-D-Memon/18CS-AI,2022-08-24T17:03:56Z,3,3,,True,True,
Shahzaib-D-Memon,Shahzaib-D-Memon/18CS101_Lab13.github.io,2021-09-25T13:57:32Z,1,1,HTML,True,True,
Shahzaib-D-Memon,Shahzaib-D-Memon/Academia.github.io,2023-07-31T07:40:23Z,1,1,HTML,True,True,
Shahzaib-D-Memon,Shahzaib-D-Memon/Animated-Login-Page,2022-11-20T15:02:37Z,3,3,CSS,True,True,
Shahzaib-D-Memon,Shahzaib-D-Memon/Assignment3-Seylani-Homepage-wm13603,2020-05-08T18:39:08Z,2,2,JavaScript,True,True,
Shahzaib-D-Memon,Shahzaib-D-Memon/caesar-cipher-python,2023-12-12T16:01:06Z,1,1,Python,True,True,
Shahzaib-D-Memon,Shahzaib-D-Memon/caesar-cipher-web,2023-12-12T19:56:03Z,1,1,CSS,True,True,
Shahzaib-D-Memon,Shahzaib-D-Memon/Coursera,2021-08-05T14:56:49Z,1,1,Python,True,True,
Shahzaib-D-Memon,Shahzaib-D-Memon/Facebook-Navbar,2023-01-21T07:37:01Z,4,4,CSS,True,True,
Shahzaib-D-Memon,Shahzaib-D-Memon/FYP-Attendance-System-with-Face-Recognition,2022-12-04T14:58:12Z,6,6,Python,True,True,
Shahzaib-D-Memon,Shahzaib-D-Memon/GuessWord.github.io,2023-10-08T07:08:49Z,1,1,JavaScript,True,True,
Shahzaib-D-Memon,Shahzaib-D-Memon/Hacktoberfest2021,2021-10-04T13:52:40Z,1,1,PHP,True,True,
Shahzaib-D-Memon,Shahzaib-D-Memon/HACKTOBERFEST22,2022-10-31T15:16:07Z,1,1,,True,True,
Shahzaib-D-Memon,Shahzaib-D-Memon/it-cert-automation-practice,2021-08-05T15:36:39Z,2,2,,True,True,Apache License 2.0
Shahzaib-D-Memon,Shahzaib-D-Memon/Library-Website.github.io,2023-02-10T14:57:36Z,3,3,HTML,True,True,
Shahzaib-D-Memon,Shahzaib-D-Memon/Monochrome-Motion.github.io,2023-04-28T11:23:36Z,5,5,HTML,True,True,
Shahzaib-D-Memon,Shahzaib-D-Memon/Music-Player.github.io,2022-09-15T13:04:20Z,2,2,JavaScript,True,True,
Shahzaib-D-Memon,Shahzaib-D-Memon/Playo.github.io,2022-09-05T06:57:36Z,5,5,HTML,True,True,
Shahzaib-D-Memon,Shahzaib-D-Memon/python-secure-password-manager,2023-12-13T11:34:41Z,1,1,Python,True,True,
Shahzaib-D-Memon,Shahzaib-D-Memon/Quiz-App,2024-06-28T06:29:35Z,1,1,JavaScript,True,True,
Shahzaib-D-Memon,Shahzaib-D-Memon/Quote-Generator.github.io,2022-09-12T15:15:19Z,3,3,JavaScript,True,True,
Shahzaib-D-Memon,Shahzaib-D-Memon/Random-Password-Generator.github.io,2022-11-18T12:17:16Z,4,4,CSS,True,True,
Shahzaib-D-Memon,Shahzaib-D-Memon/Saylani-HomePage,2020-05-08T11:45:56Z,1,1,JavaScript,True,True,
Shahzaib-D-Memon,Shahzaib-D-Memon/Scribble.github.io,2023-03-02T10:38:22Z,2,2,HTML,True,True,
Shahzaib-D-Memon,Shahzaib-D-Memon/Shahzaib-D-Memon,2022-11-07T11:02:25Z,4,4,,True,True,
Shahzaib-D-Memon,Shahzaib-D-Memon/Shahzaib-Portfolio.github.io,2023-01-01T06:16:28Z,7,7,HTML,True,True,
Shahzaib-D-Memon,Shahzaib-D-Memon/Shanks,2019-11-09T06:49:12Z,1,1,,True,True,
Shahzaib-D-Memon,Shahzaib-D-Memon/Shape-Builder,2022-11-26T07:30:24Z,2,2,CSS,True,True,
Shahzaib-D-Memon,Shahzaib-D-Memon/StreetTacos.github.io,2023-11-02T06:26:22Z,0,0,HTML,True,True,
Shahzaib-D-Memon,Shahzaib-D-Memon/TastyHasty.github.io,2023-09-01T07:35:07Z,1,1,HTML,True,True,
Shahzaib-D-Memon,Shahzaib-D-Memon/Tic-Tac-Toe-React,2024-07-30T07:45:21Z,0,0,,True,True,
Shahzaib-D-Memon,Shahzaib-D-Memon/University-Landing-Page.github.io,2021-09-26T15:41:56Z,2,2,HTML,True,True,
codewithdev,codewithdev/actual-docs,2024-07-04T21:21:48Z,0,0,JavaScript,True,False,
codewithdev,codewithdev/AI-ML-workshop,2019-06-19T15:43:03Z,1,1,,True,True,
codewithdev,codewithdev/Amazon-SDE-Test-Series,2020-07-17T14:35:26Z,0,0,C++,True,True,Apache License 2.0
codewithdev,codewithdev/Apache-Avro-Docs,2022-09-11T21:31:47Z,0,0,HTML,True,True,Apache License 2.0
codewithdev,codewithdev/Awesome-Polybar,2019-10-19T17:25:29Z,0,0,HTML,True,False,
codewithdev,codewithdev/belfastruby.github.io,2019-10-14T21:55:05Z,0,0,,True,True,MIT License
codewithdev,codewithdev/Best-README-Template,2024-05-08T07:49:26Z,0,0,,True,True,MIT License
codewithdev,codewithdev/blitzjs.com,2021-10-06T19:02:05Z,0,0,,True,False,MIT License
codewithdev,codewithdev/C-plus-plus-Algorithms,2020-05-26T03:46:16Z,34,34,C++,True,True,MIT License
codewithdev,codewithdev/circleci-docs,2021-10-02T05:25:50Z,0,0,,True,True,
codewithdev,codewithdev/Code-Snippets,2021-02-25T14:11:08Z,2,2,Python,True,True,
codewithdev,codewithdev/codewithdev,2020-07-10T14:41:55Z,1,1,Python,True,True,
codewithdev,codewithdev/cpython,2021-06-15T12:30:47Z,0,0,,True,False,Other
codewithdev,codewithdev/Deep-Learning-Tutorials,2020-01-21T11:50:07Z,0,0,Jupyter Notebook,True,True,
codewithdev,codewithdev/deep-learning-v2-pytorch,2020-01-28T15:08:16Z,0,0,,True,True,MIT License
codewithdev,codewithdev/docker.github.io,2022-09-24T19:58:38Z,0,0,,True,False,Apache License 2.0
codewithdev,codewithdev/docs,2021-07-19T15:54:59Z,2,2,JavaScript,True,False,Creative Commons Attribution 4.0 International
codewithdev,codewithdev/docs-1,2021-10-01T20:37:48Z,0,0,SCSS,True,False,Other
codewithdev,codewithdev/docs-2,2022-10-04T18:25:00Z,1,1,,True,True,
codewithdev,codewithdev/dreams,2020-10-01T14:53:07Z,0,0,HTML,True,True,MIT License
codewithdev,codewithdev/E-library,2021-02-19T12:32:59Z,0,0,PHP,True,True,GNU General Public License v3.0
codewithdev,codewithdev/emojipages,2019-10-11T14:33:02Z,0,0,JavaScript,True,True,Other
codewithdev,codewithdev/expo,2021-12-06T07:20:40Z,0,0,,True,True,MIT License
codewithdev,codewithdev/Face-Detection,2019-07-11T17:55:22Z,0,0,,True,True,
codewithdev,codewithdev/FAonGitHub,2019-08-22T13:45:13Z,1,1,CSS,True,True,
codewithdev,codewithdev/financial-newsletter-agent,2024-10-23T19:53:59Z,0,0,Python,True,True,
codewithdev,codewithdev/flox,2024-01-05T08:57:08Z,0,0,,True,False,GNU General Public License v2.0
codewithdev,codewithdev/freeCodeCamp,2020-10-01T06:49:29Z,0,0,,True,False,"BSD 3-Clause ""New"" or ""Revised"" License"
codewithdev,codewithdev/front-end-complete-handbook,2020-02-10T05:48:56Z,0,0,JavaScript,True,True,MIT License
codewithdev,codewithdev/fxa,2020-05-03T18:33:42Z,0,0,,True,False,Mozilla Public License 2.0
codewithdev,codewithdev/Gif-Search-Engine,2020-02-10T21:43:48Z,6,6,JavaScript,True,True,
codewithdev,codewithdev/gitbutler-docs,2024-06-04T22:38:23Z,0,0,,True,True,
codewithdev,codewithdev/github_app_boilerplate,2020-10-06T05:38:32Z,0,0,Python,True,True,Apache License 2.0
codewithdev,codewithdev/GitStart,2019-10-18T17:07:33Z,0,0,,True,True,MIT License
codewithdev,codewithdev/Hack-Day-2019,2019-10-14T21:25:56Z,0,0,,True,True,
codewithdev,codewithdev/hacktoberfest-swag-list,2019-10-11T20:14:09Z,0,0,HTML,True,True,MIT License
codewithdev,codewithdev/hosted-resume,2024-09-29T10:57:29Z,1,1,HTML,True,True,
codewithdev,codewithdev/india,2021-03-27T05:28:39Z,1,1,,True,True,Creative Commons Zero v1.0 Universal
codewithdev,codewithdev/interviews,2020-05-29T13:08:49Z,0,0,,True,True,MIT License
codewithdev,codewithdev/ISS-Tracker,2023-08-05T22:29:31Z,0,0,Python,True,True,
codewithdev,codewithdev/json-c,2021-10-06T19:02:40Z,0,0,,True,True,Other
codewithdev,codewithdev/kafka-streams-machine-learning-examples,2023-10-11T12:27:04Z,0,0,,True,True,Apache License 2.0
codewithdev,codewithdev/learn-co-sandbox,2020-07-20T14:22:20Z,0,0,,True,True,
codewithdev,codewithdev/Learn-JavaScript-Tutorials,2020-02-02T17:37:12Z,0,0,HTML,True,True,
codewithdev,codewithdev/leerob.io,2022-08-14T11:40:05Z,2,2,,True,False,Other
codewithdev,codewithdev/lighthouse,2020-10-01T09:05:09Z,0,0,JavaScript,True,False,Apache License 2.0
codewithdev,codewithdev/markdown,2020-10-01T06:39:38Z,0,0,,True,False,MIT License
codewithdev,codewithdev/matplotlib,2023-08-12T09:50:58Z,0,0,,True,True,
codewithdev,codewithdev/mintlify-starter,2024-06-06T20:57:53Z,0,0,,True,False,
codewithdev,codewithdev/MyST-Parser,2022-09-12T08:04:02Z,0,0,,True,False,MIT License
codewithdev,codewithdev/napari-docs,2022-10-16T12:21:05Z,0,0,,True,False,"BSD 3-Clause ""New"" or ""Revised"" License"
codewithdev,codewithdev/NASA-APOD-Viewer,2021-07-03T08:57:02Z,0,0,Python,True,True,
codewithdev,codewithdev/Notes-Separator,2019-07-06T16:08:03Z,0,0,Jupyter Notebook,True,True,MIT License
codewithdev,codewithdev/omnigres,2024-05-09T12:55:58Z,0,0,,True,True,Apache License 2.0
codewithdev,codewithdev/openai-cookbook,2024-05-20T18:23:29Z,0,0,,True,False,MIT License
codewithdev,codewithdev/opencv,2019-06-26T06:46:41Z,1,1,C++,True,True,Other
codewithdev,codewithdev/OpenEDU,2020-06-23T15:57:55Z,6,6,,True,True,MIT License
codewithdev,codewithdev/OpenVoice,2024-01-05T09:06:35Z,1,1,,True,True,Other
codewithdev,codewithdev/outline,2021-09-20T20:05:36Z,0,0,,True,False,Other
codewithdev,codewithdev/pandas_exercises,2020-10-01T09:54:12Z,0,0,,True,True,"BSD 3-Clause ""New"" or ""Revised"" License"
codewithdev,codewithdev/PWman,2021-05-26T14:36:01Z,0,0,,True,True,"BSD 2-Clause ""Simplified"" License"
codewithdev,codewithdev/python,2019-06-26T07:13:30Z,1,1,Python,True,True,
codewithdev,codewithdev/quicktest,2019-08-22T15:11:08Z,0,0,HTML,True,True,
codewithdev,codewithdev/RAKO,2024-10-09T23:59:07Z,0,0,Python,True,True,
codewithdev,codewithdev/reactjs.org,2022-08-04T20:40:41Z,0,0,,True,False,Creative Commons Attribution 4.0 International
codewithdev,codewithdev/ResourceHub,2020-10-01T14:37:10Z,0,0,,True,True,
codewithdev,codewithdev/Route-Planner-Open-Street-Map,2020-10-11T10:56:03Z,0,0,C++,True,True,
codewithdev,codewithdev/sentry-docs,2021-08-24T19:20:59Z,0,0,,True,False,Other
codewithdev,codewithdev/Sound-Cloud-Player,2020-02-20T18:29:40Z,0,0,JavaScript,True,True,
codewithdev,codewithdev/sphinx-tags-feedstock,2022-10-17T09:28:56Z,0,0,,True,False,"BSD 3-Clause ""New"" or ""Revised"" License"
codewithdev,codewithdev/Student-Rank-Predictor,2020-01-28T15:36:35Z,0,0,Jupyter Notebook,True,True,
codewithdev,codewithdev/Sudoku-Player,2020-08-02T15:26:12Z,0,0,HTML,True,True,
codewithdev,codewithdev/team-chooser,2019-10-19T20:26:50Z,0,0,JavaScript,True,True,MIT License
codewithdev,codewithdev/Text-to-Speech-Web-API,2019-07-13T13:45:04Z,1,1,HTML,True,True,Apache License 2.0
codewithdev,codewithdev/TV-Halftime-Shows-and-The-Big-Game,2020-02-01T18:43:42Z,0,0,Jupyter Notebook,True,True,
codewithdev,codewithdev/typedoc-plugin-markdown,2024-06-07T08:34:11Z,0,0,,True,False,MIT License
codewithdev,codewithdev/UnBillIt-Transform-Your-Bills,2020-04-04T11:03:58Z,0,0,HTML,True,True,MIT License
codewithdev,codewithdev/vscode-docs,2022-05-03T09:39:14Z,0,0,,True,True,Other
codewithdev,codewithdev/x-feeds-analysis,2024-10-06T21:53:51Z,0,0,JavaScript,True,True,
codewithdev,codewithdev/YouTube-Text-Transcript-AI,2024-10-20T22:06:34Z,0,0,Python,True,True,
codewithdev,codewithdev/_opencv,2019-06-27T17:50:07Z,1,1,Python,True,True,
NotHarshhaa,NotHarshhaa/aws-billing-alert-terraform,2023-09-07T05:17:11Z,39,39,HCL,True,True,
NotHarshhaa,NotHarshhaa/AWS-DevOps_Real-Time_Deployment,2023-10-26T09:44:07Z,20,20,HTML,True,True,
NotHarshhaa,NotHarshhaa/AWS-EKS_Terraform,2023-09-17T06:03:15Z,13,13,HCL,True,True,
NotHarshhaa,NotHarshhaa/AWS-Terraform-Workshop,2023-04-18T02:25:55Z,3,3,,True,True,GNU General Public License v2.0
NotHarshhaa,NotHarshhaa/azure-all_in_one,2023-08-17T14:43:59Z,55,55,,True,True,GNU Affero General Public License v3.0
NotHarshhaa,NotHarshhaa/boutique-assignment,2023-12-16T12:53:52Z,2,2,,True,True,
NotHarshhaa,NotHarshhaa/Certified_Kubernetes_Administrator,2023-09-14T06:19:21Z,67,67,,True,True,MIT License
NotHarshhaa,NotHarshhaa/CI-CD_EKS-GitHub_Actions,2023-09-09T16:54:09Z,58,58,HCL,True,True,
NotHarshhaa,NotHarshhaa/cloud-native-monitoring-app,2023-09-20T17:38:24Z,4,4,Python,True,True,
NotHarshhaa,NotHarshhaa/Deployment-of-super-Mario-on-Kubernetes-using-terraform,2024-01-17T05:44:09Z,4,4,HCL,True,True,
NotHarshhaa,NotHarshhaa/devops-cheatsheet,2024-08-21T14:56:19Z,50,50,,True,True,GNU General Public License v2.0
NotHarshhaa,NotHarshhaa/DevOps-Projects,2023-08-09T04:19:38Z,737,737,TypeScript,True,True,
NotHarshhaa,NotHarshhaa/DevOps-Tool-Installer,2024-07-30T15:49:08Z,33,33,Shell,True,True,"BSD 3-Clause ""New"" or ""Revised"" License"
NotHarshhaa,NotHarshhaa/devops-tools,2023-09-13T07:52:26Z,127,127,,True,True,
NotHarshhaa,NotHarshhaa/DevOps_Setup-Installations,2023-09-08T11:39:28Z,99,99,,True,True,
NotHarshhaa,NotHarshhaa/eks-cluster-terraform,2023-03-11T15:18:17Z,53,53,HCL,True,True,
NotHarshhaa,NotHarshhaa/hardware_qcom-caf_sm8350_display,2023-07-24T15:33:45Z,2,2,C++,True,True,
NotHarshhaa,NotHarshhaa/into-the-devops,2023-09-03T05:55:16Z,228,228,Python,True,True,
NotHarshhaa,NotHarshhaa/Jenkins-Terraform-AWS-Infra,2024-05-31T05:36:55Z,4,4,HCL,True,True,
NotHarshhaa,NotHarshhaa/Kubernetes,2023-08-10T04:20:20Z,100,100,Dockerfile,True,True,
NotHarshhaa,NotHarshhaa/kubernetes-dashboard,2023-09-04T13:21:01Z,38,38,JavaScript,True,True,
NotHarshhaa,NotHarshhaa/kubernetes-learning-path,2023-09-13T17:13:10Z,159,159,,True,True,
NotHarshhaa,NotHarshhaa/kubernetes-projects-learning,2024-02-14T16:07:31Z,136,136,,True,True,
NotHarshhaa,NotHarshhaa/Learning-Prometheus,2024-02-03T16:21:59Z,8,8,,True,True,
NotHarshhaa,NotHarshhaa/ProDevOpGuy-Blog-Site,2024-04-01T13:39:17Z,1,1,HTML,True,True,
NotHarshhaa,NotHarshhaa/ProDevOpGuy-Web-Blog,2024-04-01T11:19:25Z,1,1,Astro,True,True,GNU General Public License v3.0
NotHarshhaa,NotHarshhaa/ProDevOpsGuy-Log,2024-04-16T04:03:28Z,1,1,TypeScript,True,True,MIT License
NotHarshhaa,NotHarshhaa/prodevopsguy.hashnode.dev,2023-09-20T10:58:16Z,3,3,,True,True,
NotHarshhaa,NotHarshhaa/prodevopsguy.xyz,2024-05-23T09:57:28Z,3,3,Astro,True,True,MIT License
NotHarshhaa,NotHarshhaa/prodevopsguytech.com,2024-06-10T15:06:42Z,4,4,TypeScript,True,True,
NotHarshhaa,NotHarshhaa/SparkXcloud-Gdrive-MirrorBot,2022-10-24T06:09:25Z,2,2,Python,True,True,GNU General Public License v3.0
NotHarshhaa,NotHarshhaa/tf-ecr-ecs-gh-deploy,2023-03-17T15:04:22Z,6,6,HCL,True,True,
NotHarshhaa,NotHarshhaa/xGitspace,2022-10-28T07:18:41Z,1,1,Dockerfile,True,True,
NotHarshhaa,NotHarshhaa/Zomato-Clone,2023-12-21T03:52:53Z,4,4,JavaScript,True,True,
